Date,Close,High,Low,Open,Volume
28/09/2020,1872.800049,1872.800049,1872.800049,1872.800049,10455
29/09/2020,1894.300049,1895.400024,1872.400024,1876.5,3283
30/09/2020,1887.5,1899.699951,1879.800049,1893,600
01/10/2020,1908.400024,1909.599976,1882.5,1884.099976,730
02/10/2020,1900.199951,1913,1893.900024,1893.900024,530
05/10/2020,1912.5,1915.599976,1884.699951,1898.900024,1360
06/10/2020,1901.099976,1918,1874.400024,1906.599976,968
07/10/2020,1883.599976,1889.800049,1873.099976,1874.099976,50
08/10/2020,1888.599976,1893,1882.699951,1893,348
09/10/2020,1919.5,1929.099976,1905.099976,1909.300049,580
12/10/2020,1922.5,1926.5,1921.599976,1924,96
13/10/2020,1888.5,1922.199951,1887,1921.900024,191
14/10/2020,1901.300049,1910.800049,1882.5,1889.699951,33
15/10/2020,1903.199951,1906.300049,1889.599976,1897.300049,254
16/10/2020,1900.800049,1900.800049,1898.5,1898.5,53
19/10/2020,1906.400024,1907.800049,1899.5,1907.300049,43
20/10/2020,1910.400024,1910.400024,1896.099976,1901.300049,329
21/10/2020,1924.599976,1927.300049,1913.599976,1913.599976,1202
22/10/2020,1901.099976,1924.300049,1898.199951,1924.300049,899
23/10/2020,1902,1913.300049,1896.199951,1899.900024,287
26/10/2020,1902.699951,1907,1893.5,1895.5,242
27/10/2020,1908.800049,1908.800049,1904.400024,1904.599976,176
28/10/2020,1876.199951,1876.199951,1870.900024,1870.900024,277
29/10/2020,1865.599976,1879.800049,1858.800049,1876.099976,240
30/10/2020,1877.400024,1886.599976,1862.800049,1862.800049,725
02/11/2020,1890.400024,1894.699951,1872.900024,1872.900024,190
03/11/2020,1908.5,1908.5,1891.5,1891.5,712
04/11/2020,1894.599976,1907,1885.300049,1893.800049,782
05/11/2020,1945.300049,1948,1901.699951,1901.699951,135
06/11/2020,1950.300049,1958.800049,1940.800049,1940.800049,304
09/11/2020,1853.199951,1963.199951,1847.099976,1955.599976,745
10/11/2020,1875.400024,1885.300049,1871.199951,1879.300049,276
11/11/2020,1860.699951,1878.800049,1855.5,1878.800049,222
12/11/2020,1872.599976,1878.5,1866.599976,1869,220
13/11/2020,1885.699951,1890.099976,1876.800049,1877,240
16/11/2020,1887.300049,1887.300049,1871,1874.599976,6
17/11/2020,1884.5,1888.400024,1884.5,1888.400024,59
18/11/2020,1873.5,1873.5,1873.5,1873.5,152
19/11/2020,1861.099976,1865.800049,1856,1865.800049,59
20/11/2020,1872.599976,1872.599976,1871.199951,1871.199951,1900
23/11/2020,1837.800049,1837.800049,1829.199951,1834.800049,843
24/11/2020,1804.800049,1829.300049,1799.300049,1829.300049,1041
25/11/2020,1805.699951,1805.699951,1801.400024,1801.400024,205754
27/11/2020,1781.900024,1817,1770.699951,1806.099976,71804
30/11/2020,1775.699951,1787.199951,1762.300049,1785,3145
01/12/2020,1814.099976,1815.900024,1774.900024,1775,1859
02/12/2020,1825.699951,1830,1807.800049,1811.300049,771
03/12/2020,1836.800049,1842,1825.300049,1829.199951,1765
04/12/2020,1835.900024,1847.599976,1828.199951,1840.699951,1213
07/12/2020,1861.800049,1866.900024,1820.800049,1836.5,1427
08/12/2020,1870.800049,1875.800049,1861.800049,1863,121
09/12/2020,1834.599976,1867.099976,1827,1867.099976,215
10/12/2020,1833.599976,1849.099976,1828,1833.199951,177
11/12/2020,1839.800049,1846,1829.099976,1838.5,109
14/12/2020,1828.699951,1835.699951,1822.699951,1835.5,258
15/12/2020,1852.300049,1853.599976,1833.199951,1833.5,961
16/12/2020,1856.099976,1864.699951,1850.5,1856.5,1090
17/12/2020,1887.199951,1896.199951,1874.199951,1874.199951,414
18/12/2020,1885.699951,1889.5,1882.300049,1882.400024,276
21/12/2020,1879.199951,1908,1869.099976,1884.800049,136
22/12/2020,1866.599976,1882.199951,1861,1882.199951,233
23/12/2020,1874.699951,1878.800049,1864.5,1867,82
24/12/2020,1879.900024,1879.900024,1875.699951,1877.300049,46
28/12/2020,1877.199951,1895.800049,1873.699951,1895.5,75
29/12/2020,1879.699951,1881.300049,1879.699951,1881.300049,343
30/12/2020,1891,1895.800049,1877.300049,1879.900024,444
31/12/2020,1893.099976,1901.300049,1892.699951,1897,127
04/01/2021,1944.699951,1945.099976,1912.199951,1912.199951,154
05/01/2021,1952.699951,1952.699951,1941.300049,1941.699951,113
06/01/2021,1906.900024,1959.900024,1901.5,1952,331
07/01/2021,1912.300049,1926.699951,1912,1922.599976,122
08/01/2021,1834.099976,1908,1834.099976,1908,60
11/01/2021,1849.599976,1849.599976,1826.5,1826.5,20
12/01/2021,1842.900024,1859.699951,1839.400024,1849,176
13/01/2021,1853.599976,1858.599976,1853.599976,1858,189
14/01/2021,1850.300049,1850.699951,1836.699951,1836.699951,149
15/01/2021,1829.300049,1829.400024,1825,1829.400024,31
19/01/2021,1839.5,1842.900024,1802,1802,13
20/01/2021,1865.900024,1866.599976,1844.400024,1847.800049,16
21/01/2021,1865.300049,1868,1865.300049,1865.300049,6
22/01/2021,1855.699951,1855.699951,1852.699951,1854.900024,8
25/01/2021,1854.900024,1864.699951,1851.800049,1864.699951,26
26/01/2021,1850.699951,1855.800049,1850.699951,1855.800049,59
27/01/2021,1844.900024,1844.900024,1844.900024,1844.900024,195540
28/01/2021,1837.900024,1862.900024,1831.5,1843.400024,27283
29/01/2021,1847.300049,1876,1838.699951,1842,1634
01/02/2021,1860.800049,1871.900024,1850,1866.599976,1494
02/02/2021,1830.5,1861.300049,1827.599976,1859.599976,1293
03/02/2021,1832.199951,1842.400024,1829.800049,1834.800049,1195
04/02/2021,1788.900024,1832.199951,1782.800049,1832.199951,2375
05/02/2021,1810.900024,1813.5,1790.900024,1794.300049,1278
08/02/2021,1831.900024,1836.699951,1809,1816.300049,254
09/02/2021,1835.300049,1843.300049,1830.699951,1841.900024,184
10/02/2021,1840.599976,1851.099976,1837,1842.599976,543
11/02/2021,1824.900024,1845,1820.900024,1840.5,602
12/02/2021,1821.599976,1827.5,1809.199951,1825,259
16/02/2021,1797.199951,1823.400024,1787.300049,1820.900024,1141
17/02/2021,1771.099976,1789.699951,1768.800049,1785.800049,614
18/02/2021,1773.400024,1784.599976,1766,1776.099976,587
19/02/2021,1775.800049,1787.599976,1764.300049,1764.300049,118
22/02/2021,1806.699951,1807.800049,1784,1784,165
23/02/2021,1804.400024,1811.300049,1796.400024,1809.599976,569
24/02/2021,1796.400024,1805.800049,1796.400024,1805.800049,1500
25/02/2021,1774.400024,1802,1766.699951,1801.5,1049
26/02/2021,1728.099976,1768.199951,1718.800049,1768.099976,1593
01/03/2021,1722.5,1747,1720.300049,1737.099976,407
02/03/2021,1733.099976,1733.099976,1708.699951,1709.400024,867
03/03/2021,1715.300049,1732.400024,1703.5,1730,501
04/03/2021,1700.199951,1717.400024,1700.199951,1706.5,521
05/03/2021,1698,1701,1685,1690.599976,302
08/03/2021,1677.699951,1705.400024,1673.699951,1704.699951,1290
09/03/2021,1716.599976,1717.5,1685.199951,1686.199951,335
10/03/2021,1721.5,1722.900024,1711,1713.599976,412
11/03/2021,1722.300049,1737.5,1720.199951,1725.599976,18
12/03/2021,1719.5,1722.5,1699,1715.900024,80
15/03/2021,1728.900024,1731.900024,1722.800049,1729.5,147
16/03/2021,1730.599976,1733.900024,1726,1732.300049,729
17/03/2021,1726.800049,1750.099976,1725.599976,1735.300049,488
18/03/2021,1732.199951,1750.300049,1721.800049,1745.800049,138
19/03/2021,1741.400024,1742.199951,1733.599976,1742.199951,13
22/03/2021,1737.800049,1737.800049,1737.800049,1737.800049,51
23/03/2021,1724.699951,1724.699951,1724.699951,1724.699951,6
24/03/2021,1732.900024,1732.900024,1727.5,1727.5,26
25/03/2021,1724.900024,1733.199951,1724.5,1732.699951,15
26/03/2021,1732.199951,1732.199951,1721.300049,1721.300049,33
29/03/2021,1712.099976,1712.099976,1712.099976,1712.099976,135457
30/03/2021,1683.900024,1712.599976,1676.5,1711,25316
31/03/2021,1713.800049,1713.800049,1676.5,1683.699951,762
01/04/2021,1726.5,1728.800049,1706.400024,1706.800049,720
05/04/2021,1727,1729.699951,1721.900024,1727.900024,275
06/04/2021,1741.5,1744.800049,1726.900024,1726.900024,890
07/04/2021,1740.099976,1742.699951,1733.699951,1742.699951,557
08/04/2021,1756.800049,1758,1734.599976,1736,1298
09/04/2021,1743.300049,1750.800049,1733.300049,1750.800049,484
12/04/2021,1731.199951,1740.800049,1726.699951,1740.800049,40
13/04/2021,1746.199951,1746.900024,1722.099976,1733.800049,367
14/04/2021,1734.900024,1745.900024,1732.699951,1741.300049,1037
15/04/2021,1765.400024,1767.900024,1740.099976,1740.099976,368
16/04/2021,1779,1779.5,1770.099976,1770.400024,625
19/04/2021,1769.400024,1788.5,1769.400024,1782.099976,144
20/04/2021,1777.300049,1777.300049,1765.5,1769.300049,1464
21/04/2021,1792.300049,1794.099976,1777.699951,1783,250
22/04/2021,1781.199951,1794.199951,1779.5,1794.199951,159
23/04/2021,1777,1794.5,1772,1786.099976,332
26/04/2021,1779.199951,1779.699951,1770.800049,1778,549
27/04/2021,1778,1782,1777.699951,1780,117
28/04/2021,1773.199951,1774,1764.599976,1768.199951,756
29/04/2021,1768.099976,1789,1758.599976,1781,196
30/04/2021,1767.300049,1771.800049,1763.900024,1771.800049,18
03/05/2021,1791.400024,1793,1788.5,1788.5,18
04/05/2021,1775.800049,1788.5,1774.800049,1788.199951,182
05/05/2021,1784.099976,1784.099976,1779.199951,1781.5,57
06/05/2021,1815.5,1815.5,1787.599976,1788.900024,13
07/05/2021,1831.099976,1842.900024,1831.099976,1842.900024,2
10/05/2021,1837.5,1845.599976,1835.400024,1835.599976,13
11/05/2021,1835.900024,1838.099976,1831.599976,1837.199951,420
12/05/2021,1822.599976,1825.199951,1821.699951,1825.199951,3
13/05/2021,1823.800049,1826.800049,1814.099976,1814.699951,100
14/05/2021,1837.900024,1842.900024,1824.5,1824.5,41
17/05/2021,1867.5,1867.5,1847.199951,1849.900024,13
18/05/2021,1867.800049,1870.5,1867.800049,1870.5,3
19/05/2021,1881.300049,1884.900024,1863.599976,1866.400024,348
20/05/2021,1881.800049,1885,1864.800049,1865.5,85
21/05/2021,1876.699951,1876.699951,1872.099976,1872.099976,5
24/05/2021,1884.599976,1884.599976,1882.099976,1882.099976,39
25/05/2021,1898.099976,1898.099976,1882.5,1882.5,56
26/05/2021,1901.300049,1901.300049,1901.300049,1901.300049,170526
27/05/2021,1895.699951,1903.900024,1888.199951,1896.800049,35794
28/05/2021,1902.5,1905.400024,1881.900024,1897.5,2415
01/06/2021,1902.900024,1916.199951,1892.800049,1905.099976,640
02/06/2021,1907.5,1908.800049,1896,1899.199951,1267
03/06/2021,1871.199951,1908.800049,1865,1908.800049,1021
04/06/2021,1889.800049,1895.5,1854,1869.300049,367
07/06/2021,1896.800049,1899.699951,1883.199951,1890.5,87
08/06/2021,1892.199951,1902.900024,1890,1896.5,930
09/06/2021,1893.199951,1897.699951,1889.199951,1894.900024,148
10/06/2021,1894.199951,1899.800049,1871.5,1887.699951,186
11/06/2021,1877.400024,1902.300049,1875.199951,1900.900024,349
14/06/2021,1864,1866.599976,1846.5,1866.199951,41
15/06/2021,1854.5,1867.199951,1854.400024,1866.400024,78
16/06/2021,1859.5,1860.099976,1809.199951,1859.400024,117
17/06/2021,1773.800049,1823.300049,1769.599976,1811.800049,1135
18/06/2021,1767.900024,1792.400024,1767.900024,1775.699951,354
21/06/2021,1781.800049,1785.199951,1766.800049,1768.800049,38
22/06/2021,1776.300049,1786.900024,1775.900024,1783.400024,101
23/06/2021,1782.300049,1793.199951,1780.599976,1780.699951,136
24/06/2021,1775.599976,1786.400024,1775.599976,1778.900024,78
25/06/2021,1776.599976,1788,1775.199951,1777.699951,35
28/06/2021,1779.599976,1779.599976,1779.599976,1779.599976,888
29/06/2021,1762.800049,1777.099976,1752.099976,1776.800049,419
30/06/2021,1770.800049,1770.800049,1759.199951,1761.099976,51
01/07/2021,1775.900024,1781.199951,1768.800049,1775.699951,44
02/07/2021,1782.599976,1787.900024,1778.300049,1778.699951,23
06/07/2021,1793.5,1809.800049,1786.699951,1786.699951,332
07/07/2021,1801.5,1808.400024,1797.199951,1798.699951,244
08/07/2021,1799.599976,1818.5,1797,1797,148
09/07/2021,1810,1810.099976,1798.800049,1803.599976,218
12/07/2021,1805.5,1805.5,1799.5,1802.599976,147
13/07/2021,1809.400024,1812,1800.599976,1808.099976,78
14/07/2021,1824.300049,1829,1813.099976,1813.099976,707
15/07/2021,1828.400024,1833,1823.400024,1831.599976,99
16/07/2021,1814.5,1831.400024,1814.5,1830.099976,78
19/07/2021,1808.699951,1813.400024,1803.300049,1803.300049,33
20/07/2021,1810.900024,1824,1810.900024,1812.900024,128
21/07/2021,1802.900024,1807,1800,1807,135
22/07/2021,1805,1805,1793.599976,1793.599976,2
23/07/2021,1801.400024,1801.400024,1800,1800,1
26/07/2021,1798.699951,1802.5,1797.199951,1802.5,17
27/07/2021,1799.5,1803.699951,1799.5,1803.699951,1
28/07/2021,1799.5,1799.5,1799.5,1799.5,209783
29/07/2021,1831.199951,1832.599976,1806.099976,1806.599976,30496
30/07/2021,1812.599976,1830.5,1808.900024,1828,3100
02/08/2021,1818.099976,1818.699951,1804.800049,1812.400024,1334
03/08/2021,1810.099976,1813.5,1806,1812.300049,3341
04/08/2021,1810.5,1831.300049,1806.300049,1809.300049,2860
05/08/2021,1805.099976,1813.699951,1796,1810.800049,588
06/08/2021,1760,1800.099976,1758.400024,1799.800049,859
09/08/2021,1723.400024,1753.800049,1692.599976,1753.5,1621
10/08/2021,1728.800049,1735.199951,1720.099976,1728.599976,1363
11/08/2021,1750.400024,1752.199951,1727.300049,1727.300049,542
12/08/2021,1749,1752.400024,1745.5,1749.699951,739
13/08/2021,1775.199951,1777.300049,1757.400024,1758.300049,436
16/08/2021,1786.900024,1787.800049,1771.900024,1776.900024,219
17/08/2021,1785,1794.199951,1780,1787.699951,200
18/08/2021,1781.599976,1791.5,1779,1787.800049,263
19/08/2021,1780.199951,1789.300049,1775.5,1780,245
20/08/2021,1781,1787.5,1778.199951,1784.099976,235
23/08/2021,1803.199951,1804.800049,1776.800049,1776.800049,32
24/08/2021,1805.599976,1805.599976,1801,1801,22
25/08/2021,1788.199951,1792.900024,1784,1792,812
26/08/2021,1792.199951,1792.199951,1781,1787.400024,61
27/08/2021,1816.599976,1816.599976,1803.099976,1803.400024,1219
30/08/2021,1809,1820.300049,1807.800049,1818.199951,684
31/08/2021,1815,1815.900024,1801.099976,1815.900024,82
01/09/2021,1813.099976,1815.900024,1809.5,1813.5,114
02/09/2021,1808.699951,1813.900024,1806.800049,1813.199951,26
03/09/2021,1830.900024,1833.900024,1818.900024,1820.900024,53
07/09/2021,1795.900024,1825.699951,1792.699951,1825.699951,48
08/09/2021,1790.699951,1790.699951,1781.699951,1781.699951,69
09/09/2021,1797.400024,1798.699951,1787.900024,1798.699951,49
10/09/2021,1789.599976,1789.599976,1789.599976,1789.599976,0
13/09/2021,1792,1796,1784,1789.800049,533
14/09/2021,1804.699951,1806.199951,1783,1791.400024,764
15/09/2021,1792.400024,1803.699951,1792.400024,1803.699951,59
16/09/2021,1754.599976,1792.900024,1743.900024,1792.900024,1645
17/09/2021,1749.400024,1763,1749.400024,1758.800049,581
20/09/2021,1761.800049,1761.800049,1750.900024,1751.800049,185
21/09/2021,1776,1776,1759,1762.199951,106
22/09/2021,1776.699951,1784.300049,1767,1776.699951,17
23/09/2021,1747.699951,1766.800049,1738.199951,1766.800049,31
24/09/2021,1749.699951,1749.699951,1745,1749.699951,76
27/09/2021,1750,1754.400024,1747.5,1751.699951,808
28/09/2021,1735.800049,1741.699951,1726.800049,1739.599976,15748
29/09/2021,1721.5,1744.099976,1721.400024,1732.400024,6634
30/09/2021,1755.300049,1760.300049,1724.5,1725.5,997
01/10/2021,1757,1762.599976,1748.5,1754.300049,2220
04/10/2021,1766.199951,1768.900024,1749.5,1764.5,417
05/10/2021,1759.599976,1764.300049,1749,1764.300049,98
06/10/2021,1760.5,1762.900024,1744.699951,1759.300049,56
07/10/2021,1757.900024,1762.400024,1752.800049,1762.400024,336
08/10/2021,1756.300049,1780,1754.199951,1757,254
11/10/2021,1754.599976,1757.800049,1752.199951,1756.599976,128
12/10/2021,1758.300049,1768,1749.800049,1751.900024,139
13/10/2021,1793.699951,1794.5,1760.800049,1760.800049,150
14/10/2021,1796.699951,1799.900024,1792,1792.199951,337
15/10/2021,1767.199951,1795.400024,1766.599976,1794.5,874
18/10/2021,1764.800049,1770.099976,1759.5,1761.599976,266
19/10/2021,1769.699951,1785,1767.5,1777.599976,51
20/10/2021,1784.099976,1785.599976,1774,1774.599976,127
21/10/2021,1781.199951,1785.699951,1781,1782,146
22/10/2021,1795.5,1806.900024,1784,1787.099976,532
25/10/2021,1806,1809,1794,1794.300049,140
26/10/2021,1792.699951,1808.800049,1788.599976,1808.800049,359
27/10/2021,1797.900024,1798.099976,1791.5,1791.5,543
28/10/2021,1801.599976,1807.300049,1795.5,1795.5,452
29/10/2021,1783,1797,1774.599976,1793.099976,583
01/11/2021,1795.099976,1795.099976,1786.699951,1787.5,142
02/11/2021,1788.699951,1795.5,1787.699951,1790.5,213
03/11/2021,1763.599976,1768,1761.800049,1768,108
04/11/2021,1793,1798.199951,1776.199951,1776.599976,103
05/11/2021,1816.400024,1817.099976,1794.900024,1794.900024,239
08/11/2021,1827.400024,1827.400024,1816.900024,1817,261
09/11/2021,1830.199951,1832.699951,1820.699951,1826.099976,170
10/11/2021,1847.599976,1865,1824.900024,1825.800049,795
11/11/2021,1863.199951,1866.5,1853.900024,1853.900024,292
12/11/2021,1867.900024,1867.900024,1847.599976,1860.800049,210
15/11/2021,1866.099976,1866.900024,1864.5,1864.5,87
16/11/2021,1853.599976,1853.599976,1853.599976,1853.599976,1
17/11/2021,1869.699951,1869.699951,1862.599976,1862.599976,2
18/11/2021,1861,1861,1861,1861,9
19/11/2021,1851.199951,1851.199951,1851.199951,1851.199951,21
22/11/2021,1806,1841.599976,1805.699951,1841.599976,14
23/11/2021,1783.5,1795.5,1783.5,1795.5,264
24/11/2021,1784.099976,1793,1781.400024,1793,188
26/11/2021,1785.300049,1791.400024,1785.300049,1791.099976,186800
29/11/2021,1782.300049,1798.900024,1779.099976,1791.699951,26926
30/11/2021,1773.599976,1808.099976,1768.699951,1783.900024,4903
01/12/2021,1781.599976,1790.5,1772.300049,1774.800049,1128
02/12/2021,1760.699951,1780.900024,1760.599976,1780.900024,1557
03/12/2021,1782,1785.099976,1766.5,1767.5,694
06/12/2021,1777.5,1783,1777.199951,1780.199951,381
07/12/2021,1782.599976,1786.099976,1772.300049,1779.5,308
08/12/2021,1783.400024,1789.900024,1779,1789.900024,1383
09/12/2021,1774.599976,1783.5,1771.800049,1783.5,455
10/12/2021,1782.900024,1785.400024,1769.099976,1773.800049,545
13/12/2021,1786.300049,1787.099976,1783.800049,1784.400024,206
14/12/2021,1770.400024,1787,1769,1787,322
15/12/2021,1762.599976,1778.699951,1753.900024,1767.400024,283
16/12/2021,1796.599976,1798.099976,1781,1781,21
17/12/2021,1803.800049,1812.900024,1803.800049,1804,654
20/12/2021,1793.699951,1799.800049,1792,1796.800049,226
21/12/2021,1787.900024,1796.5,1787.900024,1791.400024,575
22/12/2021,1801.599976,1805.199951,1785.5,1786,567
23/12/2021,1811.199951,1811.199951,1800.800049,1806,193
27/12/2021,1808.099976,1812.099976,1807,1810,150
28/12/2021,1810.199951,1818,1805.5,1812,146
29/12/2021,1805.099976,1805.099976,1791.400024,1803.199951,623
30/12/2021,1812.699951,1816,1796,1801.699951,306
31/12/2021,1827.5,1827.800049,1821.400024,1825.099976,80
03/01/2022,1799.400024,1830.099976,1798.800049,1830.099976,116
04/01/2022,1814,1815.300049,1800,1800.5,38
05/01/2022,1824.599976,1824.599976,1813.099976,1813.099976,8
06/01/2022,1788.699951,1791.300049,1787.099976,1787.099976,30
07/01/2022,1797,1797,1784.400024,1791.800049,17
10/01/2022,1798.400024,1798.699951,1790.400024,1794.900024,534
11/01/2022,1818.599976,1822.5,1803,1803.900024,743
12/01/2022,1827.199951,1827.199951,1816.900024,1819,1547
13/01/2022,1821.199951,1823,1815.400024,1819.800049,40
14/01/2022,1816.5,1822,1816.5,1821.5,816
18/01/2022,1812.300049,1820.099976,1812.300049,1816.800049,900
19/01/2022,1843.099976,1843.099976,1817.400024,1817.400024,4
20/01/2022,1842.5,1843,1838.199951,1840.599976,20
21/01/2022,1831.800049,1842.400024,1828.900024,1838,19
24/01/2022,1841.699951,1842.099976,1837.900024,1837.900024,8
25/01/2022,1852.699951,1852.699951,1842,1843,11
26/01/2022,1829.900024,1829.900024,1829.900024,1829.900024,55
27/01/2022,1793.300049,1793.300049,1793.300049,1793.300049,196036
28/01/2022,1784.900024,1798.400024,1778.800049,1797.5,28521
31/01/2022,1795,1798.5,1785.099976,1788.5,1735
01/02/2022,1800.300049,1806.099976,1797.099976,1797.199951,223
02/02/2022,1809.199951,1810.099976,1795.099976,1797.800049,1690
03/02/2022,1803,1808.099976,1787.900024,1805.800049,466
04/02/2022,1806.599976,1813.699951,1792.5,1806,571
07/02/2022,1820.599976,1821.300049,1809.099976,1812.199951,601
08/02/2022,1826.599976,1827.599976,1815,1818.900024,108
09/02/2022,1835.199951,1835.199951,1825.300049,1825.400024,683
10/02/2022,1836.199951,1842.099976,1820.800049,1833.300049,365
11/02/2022,1840.800049,1864.800049,1822,1822,181
14/02/2022,1868,1870.599976,1854.599976,1861.800049,79
15/02/2022,1854.800049,1879.699951,1847.400024,1872.599976,86
16/02/2022,1870.199951,1870.199951,1856.300049,1858.699951,34
17/02/2022,1900.699951,1900.699951,1876.199951,1876.300049,393
18/02/2022,1898.599976,1899.400024,1890.699951,1899.400024,51
22/02/2022,1906.099976,1912,1890.800049,1908.099976,173
23/02/2022,1909.199951,1910.599976,1895.699951,1896.599976,73
24/02/2022,1925.099976,1972.5,1911.699951,1911.900024,2706
25/02/2022,1886.5,1920,1883.599976,1906.900024,586
28/02/2022,1899.400024,1928.400024,1894.199951,1928.300049,390
01/03/2022,1942.400024,1942.400024,1903.800049,1908.300049,547
02/03/2022,1920.900024,1948.199951,1919.800049,1945.599976,109
03/03/2022,1934.400024,1940.300049,1924.800049,1930.5,122
04/03/2022,1965.099976,1970.900024,1935.599976,1937,47
07/03/2022,1993.900024,2001.099976,1963,1989,2516
08/03/2022,2040.099976,2072,1998,1999.400024,1813
09/03/2022,1985.900024,2063,1980.800049,2053.600098,1022
10/03/2022,1998.099976,2010.5,1978.099976,1978.099976,670
11/03/2022,1982.699951,1996,1959.900024,1985,865
14/03/2022,1959.599976,1977.699951,1959.599976,1976.5,145
15/03/2022,1928.5,1939.900024,1910.699951,1939.800049,71
16/03/2022,1908,1922.400024,1907.199951,1922.400024,104
17/03/2022,1942.099976,1947.199951,1933.900024,1933.900024,39
18/03/2022,1928.199951,1939.300049,1928.199951,1934.5,28
21/03/2022,1928.599976,1928.599976,1925,1925.400024,5
22/03/2022,1920.699951,1920.699951,1920.699951,1920.699951,26
23/03/2022,1936.599976,1936.599976,1936.599976,1936.599976,204
24/03/2022,1961.599976,1964,1961.599976,1963.599976,8
25/03/2022,1953.800049,1953.800049,1953.800049,1953.800049,83
28/03/2022,1939.599976,1939.599976,1932.599976,1932.599976,7
29/03/2022,1912,1912,1893.5,1893.5,128051
30/03/2022,1933.5,1937,1914.5,1918.400024,17765
31/03/2022,1949.199951,1949.900024,1919.099976,1933.5,3617
01/04/2022,1919.099976,1938,1917,1935,1016
04/04/2022,1929.199951,1936.099976,1915.599976,1921.199951,371
05/04/2022,1922.900024,1943.5,1918.400024,1927.099976,412
06/04/2022,1918.400024,1931.800049,1916.699951,1916.699951,138
07/04/2022,1933.800049,1934.800049,1919.5,1919.5,311
08/04/2022,1941.599976,1947.699951,1928.800049,1928.800049,153
11/04/2022,1944.300049,1968.400024,1941.800049,1946.599976,163
12/04/2022,1972.099976,1977.099976,1950.599976,1952.5,246
13/04/2022,1981,1981,1969.5,1969.5,204
14/04/2022,1970.900024,1978.699951,1963,1977.199951,101
18/04/2022,1982.900024,1997.099976,1972.800049,1973.400024,196
19/04/2022,1955.699951,1978.300049,1945.699951,1973.800049,130
20/04/2022,1952.300049,1953.599976,1945.5,1945.5,621
21/04/2022,1944.900024,1944.900024,1942.5,1942.5,4
22/04/2022,1931,1950.400024,1930.199951,1949.599976,178
25/04/2022,1893.199951,1925,1889.300049,1925,748
26/04/2022,1901.400024,1909.099976,1894,1900.5,302
27/04/2022,1885.900024,1900.599976,1882.199951,1897.800049,1786
28/04/2022,1888.699951,1893,1872.900024,1883.800049,513
29/04/2022,1909.300049,1918.199951,1902.400024,1902.699951,132
02/05/2022,1861.800049,1896.800049,1853,1896.699951,385
03/05/2022,1868.800049,1868.800049,1868.800049,1868.800049,466
04/05/2022,1867,1867,1867,1867,1
05/05/2022,1874,1904.300049,1874,1897,80
06/05/2022,1881.199951,1890.300049,1871.5,1874.699951,214
09/05/2022,1857.099976,1867.5,1854,1866.599976,304
10/05/2022,1839.900024,1839.900024,1839.900024,1839.900024,1540
11/05/2022,1852.599976,1852.599976,1841,1841.5,892
12/05/2022,1823.800049,1851.900024,1822.199951,1849.800049,153
13/05/2022,1807.400024,1825,1807.400024,1825,335
16/05/2022,1813.5,1813.5,1787,1790.5,34
17/05/2022,1818.199951,1828.599976,1816.699951,1824.900024,121
18/05/2022,1815.900024,1819.699951,1805,1815,311
19/05/2022,1841.199951,1841.199951,1810.699951,1810.900024,138
20/05/2022,1841.800049,1841.800049,1836.300049,1839.099976,110
23/05/2022,1847.800049,1863,1845.800049,1846.300049,216
24/05/2022,1865.099976,1867,1852.5,1852.5,33
25/05/2022,1846.199951,1846.199951,1846.199951,1846.199951,0
26/05/2022,1847.400024,1847.400024,1840.400024,1840.400024,123355
27/05/2022,1851.300049,1860.699951,1845.900024,1848.300049,30091
31/05/2022,1842.699951,1862.099976,1832.800049,1850.300049,4073
01/06/2022,1843.300049,1847.900024,1825.300049,1831,1623
02/06/2022,1866.5,1868.699951,1842.099976,1845.400024,551
03/06/2022,1845.400024,1871.800049,1845.400024,1867.599976,53
06/06/2022,1839.199951,1854.099976,1839.199951,1849,142
07/06/2022,1847.5,1851.599976,1835,1836.900024,1168
08/06/2022,1851.900024,1855,1844.400024,1844.800049,218
09/06/2022,1848.800049,1850.099976,1837.900024,1846.099976,159
10/06/2022,1871.5,1875.599976,1823.900024,1842.699951,1490
13/06/2022,1828,1873.800049,1818.699951,1873.800049,127
14/06/2022,1809.5,1825.5,1805.300049,1825,536
15/06/2022,1815.300049,1839,1810.800049,1814.099976,108
16/06/2022,1845.699951,1850.599976,1814.900024,1819.199951,136
17/06/2022,1835.599976,1853.699951,1833.599976,1853.699951,170
21/06/2022,1834.599976,1838.599976,1830.099976,1835.300049,216
22/06/2022,1834.300049,1842.699951,1821.599976,1829.5,115
23/06/2022,1825.699951,1841.199951,1825.699951,1835.5,9
24/06/2022,1826.5,1826.5,1815.800049,1820.5,61
27/06/2022,1820.900024,1830.699951,1819.900024,1830.5,77
28/06/2022,1817.5,1826,1817.5,1824.199951,391
29/06/2022,1813.699951,1830.300049,1812.800049,1818.300049,173
30/06/2022,1804.099976,1817.300049,1801,1809.599976,328
01/07/2022,1798.900024,1806.099976,1791.599976,1795.5,77
05/07/2022,1761.800049,1805.400024,1761.800049,1805.400024,64
06/07/2022,1734.900024,1768,1734,1762.5,1729
07/07/2022,1737.900024,1745.199951,1737,1745.199951,1869
08/07/2022,1740.599976,1749.300049,1732.099976,1738.099976,370
11/07/2022,1730,1736.699951,1730,1732.5,75
12/07/2022,1723.300049,1735.5,1723.300049,1734.199951,451
13/07/2022,1734.199951,1734.199951,1710,1710,368
14/07/2022,1704.5,1710.5,1704.5,1710.300049,1289
15/07/2022,1702.400024,1709.699951,1701.099976,1705.400024,721
18/07/2022,1709.199951,1712.400024,1709.199951,1712.199951,264
19/07/2022,1710,1714.400024,1706.099976,1712.300049,1684
20/07/2022,1699.5,1708.5,1699.5,1707.099976,130
21/07/2022,1712.699951,1715.5,1679.800049,1687,183
22/07/2022,1727.099976,1735,1713,1713.300049,61
25/07/2022,1719,1732,1719,1727,67
26/07/2022,1717.699951,1718,1717.699951,1718,1
27/07/2022,1719.099976,1719.099976,1719.099976,1719.099976,144865
28/07/2022,1750.300049,1755,1732,1732.300049,37236
29/07/2022,1762.900024,1765.699951,1750,1754,3485
01/08/2022,1769,1772.5,1756.099976,1763.900024,705
02/08/2022,1771.099976,1786.599976,1759.400024,1772.099976,1078
03/08/2022,1758,1770.5,1753,1756.699951,399
04/08/2022,1788.5,1792.099976,1767.699951,1769.400024,285
05/08/2022,1772.900024,1791.400024,1764.199951,1791.199951,645
08/08/2022,1786.800049,1786.800049,1771.800049,1771.800049,127
09/08/2022,1794,1796.099976,1789,1790,249
10/08/2022,1795.599976,1804.900024,1787.800049,1804.400024,601
11/08/2022,1789.699951,1794.300049,1785.699951,1794.300049,1235
12/08/2022,1798.599976,1800.400024,1784.300049,1786.300049,187
15/08/2022,1781.400024,1799,1774.699951,1799,64
16/08/2022,1773.199951,1777.400024,1771.400024,1777.400024,308
17/08/2022,1760.300049,1769.699951,1760,1769.699951,23
18/08/2022,1755.300049,1762.900024,1753.400024,1762.900024,321
19/08/2022,1747.599976,1754.300049,1747.5,1753.699951,49
22/08/2022,1734,1740.5,1726.5,1740.5,347
23/08/2022,1746.800049,1748.900024,1731.900024,1738,509
24/08/2022,1747.800049,1751.800049,1743.599976,1745,187
25/08/2022,1757.699951,1761.800049,1755,1761.599976,172
26/08/2022,1736.099976,1755,1736.099976,1754,202
29/08/2022,1736.599976,1741.199951,1732.099976,1732.400024,950
30/08/2022,1723.199951,1739,1720.699951,1736.400024,385
31/08/2022,1712.800049,1720.900024,1708.5,1718.300049,2133
01/09/2022,1696.599976,1707.900024,1693.900024,1707.900024,683
02/09/2022,1709.800049,1715.699951,1703.099976,1703.400024,182
06/09/2022,1700.400024,1717.400024,1699.699951,1709.699951,697
07/09/2022,1715.300049,1715.300049,1694.699951,1694.800049,651
08/09/2022,1708,1718.199951,1705.300049,1718.199951,1193
09/09/2022,1716.199951,1720,1712.800049,1719.199951,635
12/09/2022,1728.099976,1728.099976,1727.400024,1727.400024,68
13/09/2022,1705,1720.5,1697.300049,1720.5,432
14/09/2022,1696.5,1701.800049,1696.5,1698.699951,532
15/09/2022,1665.400024,1686,1662.300049,1685.5,1125
16/09/2022,1671.699951,1674.900024,1651.699951,1660.400024,464
19/09/2022,1666.199951,1669.400024,1658.5,1661.800049,580
20/09/2022,1659.699951,1659.699951,1659.699951,1659.699951,2830
21/09/2022,1664.599976,1680.099976,1664.599976,1665.5,2337
22/09/2022,1670.800049,1670.800049,1668.300049,1668.300049,973
23/09/2022,1645.300049,1667,1645.300049,1667,1224
26/09/2022,1623.300049,1623.300049,1623.300049,1623.300049,1205
27/09/2022,1626.699951,1636.599976,1626.699951,1632.199951,888
28/09/2022,1660.400024,1660.400024,1620.400024,1620.400024,18311
29/09/2022,1658.5,1662.599976,1640,1657,6028
30/09/2022,1662.400024,1672.699951,1658,1661.699951,548
03/10/2022,1692.900024,1700,1661.900024,1667.199951,410
04/10/2022,1721.099976,1728,1696,1701.199951,291
05/10/2022,1711.400024,1726.599976,1703,1724.099976,418
06/10/2022,1711.699951,1723.300049,1709.099976,1721,133
07/10/2022,1700.5,1710.099976,1693.699951,1710.099976,179
10/10/2022,1667.300049,1693.400024,1667,1693.400024,195
11/10/2022,1678.699951,1678.699951,1661,1661.800049,167
12/10/2022,1670.300049,1672.699951,1668,1668,149
13/10/2022,1670,1675.300049,1641.5,1675.199951,729
14/10/2022,1641.699951,1667,1640,1665.300049,82
17/10/2022,1657,1657,1646.800049,1650.199951,238
18/10/2022,1649,1655.199951,1649,1651.400024,597
19/10/2022,1627.5,1637.5,1627.5,1637.5,84
20/10/2022,1630.800049,1641.400024,1622.800049,1622.800049,477
21/10/2022,1651,1653.900024,1634.099976,1634.099976,224
24/10/2022,1648.699951,1662.699951,1648.699951,1662.699951,29
25/10/2022,1652.800049,1652.800049,1637.300049,1648.199951,880
26/10/2022,1664,1667,1649.800049,1649.800049,89
27/10/2022,1660.699951,1660.699951,1660.699951,1660.699951,2298
28/10/2022,1639.599976,1661,1638.699951,1661,626
31/10/2022,1635.900024,1641.800049,1633.400024,1641.800049,522
01/11/2022,1645,1653.699951,1630.800049,1630.800049,985
02/11/2022,1645.699951,1664.699951,1634,1650.800049,612
03/11/2022,1627.300049,1629.199951,1615.099976,1629.199951,1427
04/11/2022,1672.5,1674.5,1629,1630.199951,159
07/11/2022,1676.5,1677.900024,1672.900024,1676.900024,42
08/11/2022,1712.099976,1712.099976,1703.199951,1703.199951,23
09/11/2022,1710.099976,1720.199951,1706,1707.400024,497
10/11/2022,1750.300049,1750.300049,1708.199951,1708.199951,325
11/11/2022,1766,1766,1757.599976,1763.800049,257
14/11/2022,1773.599976,1773.599976,1761.599976,1762,358
15/11/2022,1773.800049,1773.800049,1769.900024,1770.800049,57
16/11/2022,1773,1778.900024,1773,1776.599976,303
17/11/2022,1760.800049,1763,1756,1763,18
18/11/2022,1751.900024,1763.300049,1747.599976,1763.300049,414
21/11/2022,1737.400024,1744.900024,1736.099976,1739,544
22/11/2022,1738.300049,1741.699951,1738.300049,1741.699951,15
23/11/2022,1744.900024,1750.900024,1736.5,1736.5,39
25/11/2022,1753.300049,1757.900024,1749.199951,1753,216
28/11/2022,1740.099976,1741.300049,1740.099976,1741.300049,132767
29/11/2022,1748.400024,1758.199951,1737.900024,1739.5,19416
30/11/2022,1746,1769.400024,1745.099976,1748.099976,3339
01/12/2022,1801.099976,1803.699951,1768.699951,1768.699951,1053
02/12/2022,1795.900024,1802.300049,1779.400024,1802,1725
05/12/2022,1767.400024,1808,1764.300049,1795.699951,1713
06/12/2022,1769.300049,1779.400024,1767.900024,1768.599976,105
07/12/2022,1785.5,1790.300049,1769.300049,1769.300049,422
08/12/2022,1788.699951,1790.900024,1782,1782,713
09/12/2022,1798.099976,1804.300049,1791.099976,1794.900024,125
12/12/2022,1780.5,1793.900024,1777.699951,1787.300049,85
13/12/2022,1813.900024,1819.800049,1780.5,1780.699951,205
14/12/2022,1807.5,1812.800049,1797.900024,1810.800049,1074
15/12/2022,1777.199951,1801,1774.800049,1801,421
16/12/2022,1790,1791.400024,1777.900024,1777.900024,206
19/12/2022,1787.699951,1796.300049,1785.599976,1791.599976,79
20/12/2022,1815.900024,1821.400024,1786.5,1786.5,51
21/12/2022,1815.900024,1821.400024,1814.400024,1817.400024,35
22/12/2022,1787,1818.099976,1785,1818.099976,411
23/12/2022,1795.900024,1802.800049,1794.099976,1794.300049,49
27/12/2022,1814.800049,1826.300049,1803.400024,1803.400024,69
28/12/2022,1807.900024,1807.900024,1803.099976,1803.199951,434
29/12/2022,1819.5,1819.5,1805.800049,1805.800049,277
30/12/2022,1819.699951,1822.300049,1816.800049,1817,95
03/01/2023,1839.699951,1839.699951,1836.199951,1836.199951,29
04/01/2023,1852.800049,1859.099976,1845.599976,1845.599976,25
05/01/2023,1834.800049,1855.199951,1834.800049,1855.199951,24
06/01/2023,1864.199951,1868.199951,1835.300049,1838.400024,26
09/01/2023,1872.699951,1880,1867,1867,62
10/01/2023,1871.599976,1878.099976,1871.599976,1877.800049,101
11/01/2023,1874.599976,1877.800049,1873.099976,1873.099976,1236
12/01/2023,1895.5,1897.400024,1877.199951,1877.199951,59
13/01/2023,1918.400024,1920.900024,1898.300049,1899,512
17/01/2023,1907.199951,1920.099976,1905.199951,1920.099976,706
18/01/2023,1904.400024,1911.099976,1903.099976,1911.099976,1027
19/01/2023,1922.099976,1931.800049,1922.099976,1922.099976,371
20/01/2023,1926.400024,1928.5,1921.400024,1922.099976,1346
23/01/2023,1927.099976,1927.099976,1915,1926.5,218
24/01/2023,1933.900024,1936.800049,1931.800049,1931.800049,201
25/01/2023,1941.199951,1941.199951,1939.800049,1941.199951,7
26/01/2023,1929.099976,1937.099976,1927.099976,1936.599976,131
27/01/2023,1928.599976,1928.599976,1928.599976,1928.599976,150902
30/01/2023,1922.900024,1933.599976,1920.300049,1928.300049,27220
31/01/2023,1929.5,1930.400024,1900.599976,1923,1910
01/02/2023,1927.800049,1955,1922,1927.199951,2290
02/02/2023,1916.300049,1959.099976,1911.300049,1952.300049,748
03/02/2023,1862.900024,1917,1861.5,1912.400024,992
06/02/2023,1866.199951,1880,1863.400024,1865.599976,424
07/02/2023,1871.699951,1875.699951,1868,1870,297
08/02/2023,1877.400024,1880.400024,1872.099976,1872.099976,230
09/02/2023,1866.199951,1884.599976,1859.800049,1875.300049,223
10/02/2023,1862.800049,1863.5,1852.400024,1861.599976,27
13/02/2023,1851.900024,1861,1850,1859,569
14/02/2023,1854,1862,1846.199951,1854.099976,656
15/02/2023,1834.199951,1842,1828.199951,1842,368
16/02/2023,1842,1843.699951,1827.199951,1838.599976,222
17/02/2023,1840.400024,1842.199951,1818.400024,1827.400024,35
21/02/2023,1833,1843,1833,1842.599976,862
22/02/2023,1832,1836.199951,1825.099976,1835.699951,278
23/02/2023,1818,1827.5,1818,1826.400024,291
24/02/2023,1808.800049,1808.800049,1808.800049,1808.800049,404
27/02/2023,1817,1817.5,1808.900024,1811.599976,829
28/02/2023,1828.900024,1830,1808.099976,1808.099976,618
01/03/2023,1837.699951,1841.699951,1827.099976,1827.099976,211
02/03/2023,1833.5,1836.300049,1830,1830,154
03/03/2023,1847.699951,1855.400024,1837.300049,1837.300049,61
06/03/2023,1847.900024,1853.800049,1844.199951,1853.300049,5
07/03/2023,1813.900024,1840.900024,1813.900024,1840.900024,450
08/03/2023,1812.699951,1812.900024,1811.5,1811.599976,75
09/03/2023,1829.300049,1829.300049,1815.599976,1816.400024,332
10/03/2023,1862,1868.5,1852,1852.300049,248
13/03/2023,1911.699951,1913.099976,1875.099976,1890.800049,503
14/03/2023,1906.199951,1912.199951,1901.099976,1912.199951,107
15/03/2023,1926.599976,1926.599976,1898.5,1903.900024,564
16/03/2023,1919,1931.699951,1909.900024,1909.900024,394
17/03/2023,1969.800049,1985.099976,1946,1946,82
20/03/2023,1979.199951,2003.900024,1968.900024,1988.300049,389
21/03/2023,1938,1973.800049,1938,1973.800049,47
22/03/2023,1946.800049,1974,1946.800049,1946.800049,50
23/03/2023,1993.800049,1994.599976,1990.5,1990.5,33
24/03/2023,1982.099976,1995.400024,1982.099976,1991.699951,19
27/03/2023,1952.400024,1957.199951,1952.400024,1957.199951,877
28/03/2023,1972.400024,1972.400024,1972.400024,1972.400024,21
29/03/2023,1966.099976,1966.099976,1966.099976,1966.099976,88563
30/03/2023,1980.300049,1984.400024,1954.900024,1965.900024,10119
31/03/2023,1969,1986.800049,1968,1981.300049,957
03/04/2023,1983.900024,1991.699951,1950,1968.099976,737
04/04/2023,2022.199951,2027.099976,1979,1984.599976,811
05/04/2023,2020.900024,2033.800049,2013.599976,2022.099976,525
06/04/2023,2011.900024,2023.300049,2005,2022.199951,0
10/04/2023,1989.099976,2006.599976,1984,2000,652
11/04/2023,2004.800049,2006.5,1991.400024,1991.400024,68
12/04/2023,2010.900024,2025.699951,2005.199951,2005.199951,172
13/04/2023,2041.300049,2048.600098,2015.599976,2015.599976,1043
14/04/2023,2002.199951,2047.800049,1995,2041,718
17/04/2023,1994.199951,2007.599976,1983.199951,2002.699951,554
18/04/2023,2007.400024,2007.400024,1996.900024,1996.900024,72
19/04/2023,1995.199951,2006.400024,1969.800049,2005.699951,61
20/04/2023,2007.599976,2007.599976,1998,1998,164
21/04/2023,1979.5,1996.199951,1974.099976,1996.199951,132
24/04/2023,1989.099976,1989.800049,1977.400024,1981.300049,145
25/04/2023,1994,1999.099976,1982.300049,1995.699951,306
26/04/2023,1985.699951,1998.800049,1985.599976,1997.800049,615
27/04/2023,1989.900024,2002.300049,1979.900024,1990.599976,355
28/04/2023,1990.099976,1990.099976,1977.699951,1986.900024,152
01/05/2023,1983.400024,2005,1976.900024,1980.099976,210
02/05/2023,2014.300049,2018,1994.699951,1994.699951,1896
03/05/2023,2028.599976,2035.099976,2015.199951,2017.099976,1349
04/05/2023,2048,2072,2040,2045,930
05/05/2023,2017.400024,2046.400024,2004.300049,2046.400024,59
08/05/2023,2026.300049,2026.300049,2022.5,2022.5,3
09/05/2023,2036.199951,2037.300049,2025.900024,2026.599976,241
10/05/2023,2030.5,2044.300049,2029.5,2032.300049,248
11/05/2023,2014.699951,2038.300049,2014,2034.099976,90
12/05/2023,2014.5,2014.5,2014.5,2014.5,115
15/05/2023,2018,2018,2013.800049,2013.800049,3
16/05/2023,1988.400024,1988.400024,1988.400024,1988.400024,49
17/05/2023,1980.699951,1983.599976,1980.699951,1983.599976,13
18/05/2023,1956.5,1956.800049,1956.5,1956.5,23
19/05/2023,1978.699951,1978.699951,1960,1960,106
22/05/2023,1974.800049,1980.5,1974.800049,1980.5,8
23/05/2023,1972.400024,1972.400024,1972.400024,1972.400024,1
24/05/2023,1962.800049,1975.400024,1962.800049,1975.400024,189
25/05/2023,1943.099976,1943.099976,1943.099976,1943.099976,1
26/05/2023,1944.099976,1948.400024,1944.099976,1948.199951,166036
30/05/2023,1958,1962.599976,1931,1942.699951,37838
31/05/2023,1963.900024,1973,1953,1958.199951,5959
01/06/2023,1978,1983,1954.300049,1963.199951,750
02/06/2023,1952.400024,1982.5,1947.400024,1977.099976,356
05/06/2023,1958,1961.900024,1937.800049,1947.5,713
06/06/2023,1965.5,1965.5,1958.800049,1960.800049,164
07/06/2023,1942.699951,1968.400024,1940.699951,1959,139
08/06/2023,1963.599976,1969,1943.099976,1943.199951,433
09/06/2023,1962.199951,1969.800049,1960.300049,1965.099976,49
12/06/2023,1955.300049,1963.5,1951.400024,1959.699951,212
13/06/2023,1944.599976,1967.5,1940.300049,1960.599976,343
14/06/2023,1955.300049,1958.199951,1940.300049,1946.199951,202
15/06/2023,1957.800049,1958.800049,1926,1941.699951,329
16/06/2023,1958.400024,1962.900024,1953.5,1961.400024,119
20/06/2023,1935.5,1958.599976,1931.300049,1958.599976,193
21/06/2023,1933.300049,1936.800049,1920,1935.599976,557
22/06/2023,1912.699951,1921,1912.099976,1920,237
23/06/2023,1919.099976,1932.5,1918.699951,1918.699951,105
26/06/2023,1923.699951,1928.5,1922.5,1922.900024,71
27/06/2023,1914,1929.400024,1914,1927,49
28/06/2023,1912.300049,1912.300049,1912.300049,1912.300049,628
29/06/2023,1909.199951,1909.900024,1892.5,1909.900024,289
30/06/2023,1921.099976,1921.099976,1900.599976,1908.599976,445
03/07/2023,1921.699951,1929.5,1917.900024,1917.900024,41
05/07/2023,1919.599976,1933.900024,1914.699951,1923.5,193
06/07/2023,1908.699951,1910.199951,1903.199951,1909.300049,81
07/07/2023,1926.199951,1934.099976,1913.400024,1913.400024,61
10/07/2023,1925,1926.099976,1912.300049,1923.599976,269
11/07/2023,1931.300049,1937,1924.199951,1925,142
12/07/2023,1956.199951,1958,1932.199951,1932.300049,132
13/07/2023,1959.199951,1961.099976,1953,1961.099976,121
14/07/2023,1960.099976,1960.599976,1952.699951,1958.400024,94
17/07/2023,1952.400024,1956.5,1946.599976,1954,29
18/07/2023,1977.199951,1978.400024,1963.400024,1968.800049,83
19/07/2023,1977.5,1977.5,1973,1977,35
20/07/2023,1968.300049,1973.699951,1965.599976,1973.699951,638
21/07/2023,1964.300049,1964.300049,1961.800049,1961.800049,50
24/07/2023,1960.300049,1965.5,1960.300049,1965.300049,2
25/07/2023,1962.099976,1962.5,1953,1953,19
26/07/2023,1968.900024,1972,1966.199951,1966.199951,51
27/07/2023,1945.400024,1945.400024,1945.400024,1945.400024,194253
28/07/2023,1960.400024,1962.199951,1944.199951,1945.5,23155
31/07/2023,1970.5,1971.599976,1950,1959.199951,1025
01/08/2023,1940.699951,1965.400024,1940.699951,1964.900024,688
02/08/2023,1937.400024,1953.599976,1933.199951,1948.400024,652
03/08/2023,1932,1936.5,1928,1934.199951,773
04/08/2023,1939.599976,1945,1920,1934.900024,290
07/08/2023,1933.5,1941,1929.800049,1941,376
08/08/2023,1924.099976,1933.199951,1923,1931.699951,555
09/08/2023,1915.400024,1928.800049,1913.699951,1925.400024,451
10/08/2023,1914.400024,1927.800049,1911.400024,1921.099976,178
11/08/2023,1912.900024,1916.599976,1911.800049,1913,57
14/08/2023,1910.599976,1912.599976,1903.300049,1909.300049,46
15/08/2023,1902.5,1907.699951,1895,1906,73
16/08/2023,1896.099976,1904.5,1890.300049,1904.5,22
17/08/2023,1884.099976,1902.400024,1884,1893.699951,245
18/08/2023,1886.099976,1891.800049,1886.099976,1891.800049,19
21/08/2023,1893.300049,1893.599976,1893.300049,1893.599976,876
22/08/2023,1896.400024,1896.800049,1892.800049,1894.599976,46
23/08/2023,1918.5,1918.5,1909.599976,1909.599976,547
24/08/2023,1918.199951,1920.800049,1918.199951,1920,337
25/08/2023,1911.099976,1919.800049,1911.099976,1919.800049,195
28/08/2023,1917.900024,1921.5,1915.5,1915.5,99
29/08/2023,1936.5,1936.5,1916.900024,1917.900024,1674
30/08/2023,1944.300049,1946.400024,1934.599976,1936,396
31/08/2023,1938.199951,1944.400024,1938.199951,1944.400024,491
01/09/2023,1939.800049,1950,1936.599976,1950,167
05/09/2023,1926.199951,1934.400024,1924.699951,1934.400024,113
06/09/2023,1918.099976,1925.300049,1916.300049,1924.099976,24
07/09/2023,1917.5,1921.5,1917.5,1917.599976,41
08/09/2023,1918.400024,1924.699951,1918.400024,1924,105
11/09/2023,1923.300049,1928.300049,1921.800049,1923,50
12/09/2023,1911.300049,1920.800049,1911.300049,1920.800049,365
13/09/2023,1909.099976,1914.599976,1908.900024,1910.300049,15
14/09/2023,1910,1910,1903,1903,169
15/09/2023,1923.699951,1927.300049,1923.5,1923.5,8
18/09/2023,1931.5,1931.5,1926.400024,1928.199951,19
19/09/2023,1932,1934,1932,1934,6
20/09/2023,1945.599976,1945.599976,1929.199951,1945.599976,119
21/09/2023,1919.199951,1924,1919.199951,1924,9
22/09/2023,1925.400024,1925.400024,1925.400024,1925.400024,1
25/09/2023,1916.599976,1916.599976,1916.599976,1916.599976,114
26/09/2023,1900.400024,1905.099976,1900.400024,1905,161
27/09/2023,1871.599976,1871.599976,1871.599976,1871.599976,12251
28/09/2023,1860.400024,1878.199951,1856.699951,1875.5,4654
29/09/2023,1848.099976,1872.300049,1846,1864.300049,1605
02/10/2023,1830,1845.900024,1826.699951,1844.099976,2309
03/10/2023,1824.599976,1830.900024,1816.800049,1825,310
04/10/2023,1818.5,1828.199951,1816.400024,1821.800049,357
05/10/2023,1816.599976,1826.300049,1815.599976,1826.300049,393
06/10/2023,1830.199951,1831.800049,1809.400024,1819,390
09/10/2023,1849.5,1861.5,1842.5,1842.5,232
10/10/2023,1861,1861.400024,1852.800049,1857,236
11/10/2023,1872.800049,1874.599976,1869.099976,1869.5,65
12/10/2023,1869.300049,1881.199951,1867,1874.699951,46
13/10/2023,1927.400024,1930.099976,1877.5,1877.5,43
16/10/2023,1921.099976,1921.099976,1910.300049,1910.400024,53
17/10/2023,1922.699951,1925.800049,1914.300049,1914.300049,103
18/10/2023,1955.300049,1957.900024,1935,1935,67
19/10/2023,1968.400024,1977.699951,1945.699951,1950.099976,1945
20/10/2023,1982.5,1988.599976,1980.400024,1981.099976,557
23/10/2023,1976.300049,1978.900024,1972.900024,1976.199951,127
24/10/2023,1975,1975,1970.300049,1970.300049,10
25/10/2023,1984.099976,1985.300049,1971.199951,1971.199951,97
26/10/2023,1987.199951,1988.199951,1980.400024,1988.199951,521
27/10/2023,1988.599976,1988.599976,1988.599976,1988.599976,372
30/10/2023,1996.199951,2004.099976,1992.5,2004.099976,157
31/10/2023,1985.199951,2001,1983.699951,1996.5,84
01/11/2023,1978.800049,1990.5,1977.800049,1990.5,41
02/11/2023,1985.599976,1990.300049,1979.5,1989.099976,39
03/11/2023,1991.5,1991.5,1989,1989,12
06/11/2023,1981.599976,1981.599976,1977.400024,1981.599976,130
07/11/2023,1966.800049,1966.800049,1960.699951,1966.5,20
08/11/2023,1951.5,1967.800049,1947.699951,1967.800049,43
09/11/2023,1964.199951,1964.199951,1945.300049,1951.699951,10
10/11/2023,1932.599976,1959.599976,1932.599976,1959.599976,375
13/11/2023,1945.5,1947.199951,1934,1939.900024,191
14/11/2023,1961.800049,1965.800049,1961.800049,1965.800049,2
15/11/2023,1960.099976,1962.800049,1960,1962.800049,6
16/11/2023,1983.900024,1983.900024,1964.599976,1965.300049,39
17/11/2023,1981.599976,1984,1979.800049,1982.5,32
20/11/2023,1977.699951,1979.400024,1969.699951,1978.699951,182
21/11/2023,1999.300049,2005.5,1988.5,1990.699951,16
22/11/2023,1991.400024,1999.400024,1991,1999.099976,6075
24/11/2023,2002.199951,2002.199951,1991.5,1991.900024,63
27/11/2023,2011.800049,2011.800049,2011.699951,2011.699951,228
28/11/2023,2039.699951,2042.699951,2039.699951,2040.599976,174665
29/11/2023,2047.099976,2052.100098,2036,2041.699951,15290
30/11/2023,2038.099976,2047.099976,2033.099976,2046.099976,2506
01/12/2023,2071,2073.199951,2036,2038.300049,614
04/12/2023,2024.099976,2130.199951,2021,2075.300049,1071
05/12/2023,2018.5,2037,2010.199951,2035.099976,289
06/12/2023,2030.5,2035.800049,2019,2019.900024,417
07/12/2023,2029.900024,2034.900024,2024,2029.199951,67
08/12/2023,1998.300049,2033.099976,1995,2031.699951,449
11/12/2023,1978,2004.199951,1977.199951,2004.099976,651
12/12/2023,1977.800049,1994.199951,1977.800049,1984.199951,95
13/12/2023,1982.300049,2024.800049,1975,1978.5,2252
14/12/2023,2030.199951,2040.099976,2024.300049,2024.699951,236
15/12/2023,2021.099976,2043.400024,2018.300049,2032.599976,261
18/12/2023,2026.300049,2032.800049,2024,2024.300049,100
19/12/2023,2038.400024,2042.699951,2025.199951,2025.199951,498
20/12/2023,2034.5,2037.099976,2030.300049,2037.099976,258
21/12/2023,2039.099976,2044.5,2033,2035.800049,228
22/12/2023,2057.100098,2068.699951,2052.199951,2055.699951,202
26/12/2023,2058.199951,2060.800049,2054.199951,2060,64
27/12/2023,2081.899902,2081.899902,2064.800049,2067.300049,586
28/12/2023,2073.899902,2087.300049,2066.5,2081.600098,338
29/12/2023,2062.399902,2068.899902,2062.100098,2068,47
02/01/2024,2064.399902,2073.699951,2057.100098,2063.5,61
03/01/2024,2034.199951,2044,2034.199951,2034.199951,54
04/01/2024,2042.300049,2044.5,2038,2041.599976,88
05/01/2024,2042.400024,2048.100098,2042.400024,2044.5,12
08/01/2024,2026.599976,2033.699951,2019.099976,2019.099976,10
09/01/2024,2026.400024,2035.800049,2026.400024,2035.800049,27
10/01/2024,2021.699951,2035.599976,2021.699951,2029,538
11/01/2024,2014.300049,2025.099976,2014.300049,2025.099976,97
12/01/2024,2046.699951,2057,2031.099976,2031.099976,390
16/01/2024,2026,2054.800049,2026,2051.699951,46
17/01/2024,2002.599976,2026.5,2002.599976,2026.5,764
18/01/2024,2018.599976,2018.599976,2009.5,2012.800049,1474
19/01/2024,2026.5,2036,2019.5,2023.199951,50
22/01/2024,2019.800049,2021.300049,2019.800049,2021.300049,12
23/01/2024,2023.699951,2030.300049,2022.5,2030.300049,15
24/01/2024,2013.900024,2033.199951,2013.900024,2023.199951,253
25/01/2024,2016.900024,2022.400024,2012.099976,2012.099976,548
26/01/2024,2016.800049,2022.400024,2016.800049,2021.699951,49
29/01/2024,2025.199951,2025.199951,2025.199951,2025.199951,150708
30/01/2024,2031.5,2048.5,2028.099976,2032.5,26907
31/01/2024,2048.399902,2055,2030,2035.400024,2007
01/02/2024,2053,2064.5,2029,2040.199951,947
02/02/2024,2036.099976,2055.899902,2027.699951,2054.800049,888
05/02/2024,2025.699951,2040.800049,2013.800049,2038.900024,412
06/02/2024,2034.5,2037.300049,2025.900024,2025.900024,249
07/02/2024,2035.199951,2039.5,2032.699951,2032.800049,71
08/02/2024,2032.199951,2036.699951,2020.300049,2028,341
09/02/2024,2023.300049,2032,2020,2032,62
12/02/2024,2018.199951,2025.5,2011.599976,2025.5,317
13/02/2024,1992.900024,2025.800049,1990,2025.099976,198
14/02/2024,1990.300049,1993.5,1984.800049,1990.300049,1916
15/02/2024,2002.099976,2007.199951,1993.599976,1993.599976,286
16/02/2024,2011.5,2011.5,1996.5,2005,32
20/02/2024,2027.5,2029,2015.599976,2015.599976,1326
21/02/2024,2022.300049,2028.199951,2022.300049,2028.199951,15
22/02/2024,2019.699951,2033.199951,2019.699951,2033.199951,964
23/02/2024,2038.599976,2038.599976,2014.900024,2026,22
26/02/2024,2028.5,2035.400024,2024.800049,2034.099976,143
27/02/2024,2034,2035.900024,2034,2035.900024,964
28/02/2024,2033,2037,2024.800049,2029.5,581
29/02/2024,2045.699951,2049.800049,2034.300049,2034.300049,706
01/03/2024,2086.899902,2086.899902,2041.800049,2043.099976,1210
04/03/2024,2117.699951,2119.800049,2080.699951,2083.600098,805
05/03/2024,2133.5,2133.5,2111.399902,2114.899902,1287
06/03/2024,2150.300049,2150.300049,2125.5,2125.5,443
07/03/2024,2158,2163,2147,2147,152
08/03/2024,2178.600098,2194.899902,2166.300049,2167.300049,259
11/03/2024,2182.5,2184,2177.199951,2181,738
12/03/2024,2160.399902,2182.699951,2160.399902,2182.5,550
13/03/2024,2175.399902,2175.399902,2162.5,2162.5,20
14/03/2024,2163,2163,2162.300049,2163,515
15/03/2024,2157.300049,2161.699951,2157.300049,2161.699951,100
18/03/2024,2160.699951,2160.699951,2146.199951,2146.199951,21
19/03/2024,2156.300049,2156.300049,2156.100098,2156.100098,12
20/03/2024,2157.899902,2185.899902,2150.899902,2157.300049,17
21/03/2024,2182.399902,2211.600098,2182.399902,2207,63
22/03/2024,2158.100098,2179.600098,2157.5,2179.199951,19
25/03/2024,2174.800049,2179.399902,2166.199951,2166.199951,79
26/03/2024,2175.600098,2182.699951,2175.600098,2182.699951,202373
27/03/2024,2190.600098,2196.199951,2172.100098,2179.399902,31200
28/03/2024,2217.399902,2234.100098,2187.100098,2193.600098,2040
01/04/2024,2236.5,2264.199951,2230,2235.699951,400
02/04/2024,2261,2279.199951,2247.600098,2252,435
03/04/2024,2294.399902,2298.800049,2267.899902,2281.699951,285
04/04/2024,2288.800049,2302.899902,2280,2301.699951,251
05/04/2024,2325.699951,2328.399902,2267.399902,2289.199951,344
08/04/2024,2331.699951,2341.800049,2319,2325.600098,202
09/04/2024,2343.5,2364.699951,2337.800049,2337.800049,211
10/04/2024,2329.600098,2358.100098,2327.699951,2346.600098,377
11/04/2024,2354.800049,2376.300049,2330.600098,2341.5,283
12/04/2024,2356.199951,2429,2334.300049,2377.300049,584
15/04/2024,2365.800049,2384.699951,2326,2362.100098,1801
16/04/2024,2390.800049,2390.800049,2371.399902,2384,41
17/04/2024,2371.699951,2391.399902,2369.300049,2384.199951,37
18/04/2024,2382.300049,2384.399902,2368.399902,2368.399902,128
19/04/2024,2398.399902,2399.800049,2377.300049,2379.300049,160
22/04/2024,2332.199951,2383.300049,2326.899902,2383.300049,53
23/04/2024,2327.699951,2330.800049,2294.199951,2327.699951,171
24/04/2024,2324.5,2328.699951,2314.600098,2321.300049,95
25/04/2024,2329.800049,2329.800049,2305,2315,1024
26/04/2024,2334.800049,2347.899902,2332.800049,2347.899902,717
29/04/2024,2345.399902,2345.5,2327.899902,2334.800049,405
30/04/2024,2291.399902,2322.5,2291.399902,2322.5,113
01/05/2024,2299.899902,2327.300049,2283.800049,2287.699951,42
02/05/2024,2299.199951,2324.699951,2292.300049,2321.699951,56
03/05/2024,2299,2301,2277.600098,2300,194
06/05/2024,2321.600098,2325.5,2314.199951,2322.800049,9
07/05/2024,2315.199951,2324.300049,2315.199951,2324.300049,25
08/05/2024,2313.600098,2313.600098,2313.600098,2313.600098,4
09/05/2024,2332.100098,2339.5,2310.699951,2310.699951,5
10/05/2024,2367.300049,2367.300049,2367.300049,2367.300049,126
13/05/2024,2336.100098,2358.300049,2336.100098,2358.300049,14
14/05/2024,2353.399902,2358,2336,2336,6
15/05/2024,2388.699951,2388.699951,2356,2361.600098,29
16/05/2024,2380,2392.199951,2380,2389.5,7
17/05/2024,2412.199951,2415.800049,2380.699951,2380.699951,213
20/05/2024,2433.899902,2435.800049,2409.699951,2415.800049,40
21/05/2024,2421.699951,2429.5,2421,2429.5,6
22/05/2024,2389.199951,2417.600098,2375.800049,2417.5,180
23/05/2024,2335,2371.199951,2335,2371.199951,365
24/05/2024,2332.5,2345.399902,2332.5,2342.600098,25
28/05/2024,2355.199951,2359.699951,2336.899902,2336.899902,26
29/05/2024,2340.300049,2340.300049,2340.300049,2340.300049,119317
30/05/2024,2342.899902,2349.5,2320.800049,2336.899902,32587
31/05/2024,2322.899902,2354,2319,2344.100098,941
03/06/2024,2346.600098,2347.5,2312,2322.600098,781
04/06/2024,2325.5,2347.699951,2313.899902,2347.5,890
05/06/2024,2354.100098,2354.300049,2326.199951,2326.399902,295
06/06/2024,2370.300049,2375.800049,2355,2355,179
07/06/2024,2305.199951,2385.100098,2285.399902,2379.899902,269
10/06/2024,2307.699951,2309.300049,2290.5,2290.600098,69
11/06/2024,2307.5,2314.100098,2300,2300,871
12/06/2024,2336,2338.699951,2310.300049,2314.899902,132
13/06/2024,2300.199951,2317.699951,2296.199951,2309.399902,298
14/06/2024,2331.399902,2331.399902,2305.800049,2307,948
17/06/2024,2312.399902,2320.199951,2309.600098,2320.199951,110
18/06/2024,2330.399902,2330.399902,2311.800049,2311.800049,43
20/06/2024,2353.800049,2354,2328.300049,2328.899902,183
21/06/2024,2316.399902,2331.199951,2316.399902,2331.199951,76
24/06/2024,2330,2332.899902,2322.699951,2323.300049,99
25/06/2024,2316.600098,2333,2316.600098,2324.399902,105
26/06/2024,2299.199951,2314.399902,2298,2307.899902,986
27/06/2024,2324.5,2329,2295,2296.800049,1532
28/06/2024,2327.699951,2338.300049,2319,2325.399902,92
01/07/2024,2327.600098,2329.699951,2321.699951,2323.800049,237
02/07/2024,2323,2334.600098,2323,2330.699951,30
03/07/2024,2359.800049,2361.600098,2330.899902,2330.899902,59
05/07/2024,2388.5,2388.5,2354.899902,2354.899902,72
08/07/2024,2355.199951,2383.800049,2352.800049,2381.699951,64
09/07/2024,2360.100098,2363.699951,2360.100098,2363.100098,9
10/07/2024,2372.199951,2377,2365.800049,2366.300049,19
11/07/2024,2415,2416.699951,2378.699951,2378.699951,72
12/07/2024,2414,2414,2391.300049,2399.800049,355
15/07/2024,2422.899902,2436,2422.899902,2430,540
16/07/2024,2462.399902,2462.399902,2427.399902,2427.399902,93
17/07/2024,2454.800049,2473.100098,2454.800049,2472.899902,10
18/07/2024,2451.800049,2466,2451.800049,2466,2
19/07/2024,2395.5,2419.199951,2395.5,2418.800049,15
22/07/2024,2392,2402.100098,2392,2402.100098,18
23/07/2024,2404.600098,2404.600098,2388.699951,2395.800049,41
24/07/2024,2413.300049,2421,2411.600098,2421,6
25/07/2024,2351.899902,2365.5,2351.899902,2365.5,31
26/07/2024,2380,2386.899902,2368.699951,2368.699951,95
29/07/2024,2377.300049,2377.300049,2377.300049,2377.300049,126409
30/07/2024,2405,2409.300049,2373.800049,2380.899902,25944
31/07/2024,2426.5,2447.600098,2402.800049,2407.100098,1313
01/08/2024,2435,2455.100098,2430.399902,2446.699951,690
02/08/2024,2425.699951,2477,2416,2444,550
05/08/2024,2401.699951,2449.800049,2367.399902,2442,334
06/08/2024,2389.100098,2421.800049,2380,2414.5,163
07/08/2024,2390.5,2401,2384.5,2392.199951,130
08/08/2024,2422.199951,2422.800049,2384.300049,2384.300049,201
09/08/2024,2432.100098,2432.100098,2418.5,2422.300049,611
12/08/2024,2462.399902,2469.800049,2432,2432.699951,566
13/08/2024,2466.699951,2470,2456.5,2461,510
14/08/2024,2439.399902,2472.100098,2439.399902,2468,274
15/08/2024,2453.100098,2467.699951,2431.199951,2451.800049,285
16/08/2024,2498.600098,2508,2451.399902,2453.5,197
19/08/2024,2501.800049,2508.5,2487.199951,2508.5,88
20/08/2024,2511.300049,2527.300049,2500.699951,2503.5,187
21/08/2024,2508.399902,2515.399902,2503.899902,2511,96
22/08/2024,2478.899902,2504.100098,2471.100098,2504.100098,210
23/08/2024,2508.399902,2508.399902,2486.5,2486.5,94
26/08/2024,2517.699951,2523.100098,2509.100098,2509.899902,290
27/08/2024,2516,2523.100098,2506.899902,2515.199951,100
28/08/2024,2501,2501,2501,2501,2353
29/08/2024,2525.699951,2525.699951,2503.899902,2504.100098,3966
30/08/2024,2493.800049,2525.399902,2493.800049,2519.5,208
03/09/2024,2489.899902,2501.800049,2476.300049,2501.600098,206
04/09/2024,2493.399902,2493.399902,2483.5,2490.899902,470
05/09/2024,2511.399902,2513.300049,2493.399902,2493.699951,54
06/09/2024,2493.5,2517.899902,2483.699951,2510.300049,96
09/09/2024,2501.800049,2504.699951,2491.300049,2491.300049,96
10/09/2024,2512.300049,2512.300049,2512.300049,2512.300049,5
11/09/2024,2512.100098,2525.800049,2502.300049,2525.800049,90
12/09/2024,2551.199951,2557,2523.399902,2529.100098,132
13/09/2024,2581.300049,2581.800049,2565,2568.800049,31
16/09/2024,2580.399902,2580.399902,2580.399902,2580.399902,28
17/09/2024,2564.300049,2581.800049,2564.300049,2581.199951,22
18/09/2024,2570.699951,2570.699951,2549.199951,2570.699951,25
19/09/2024,2588,2588,2566,2566,99
20/09/2024,2619.899902,2621.800049,2590.399902,2590.399902,17
23/09/2024,2626.5,2626.5,2626.5,2626.5,9
24/09/2024,2651.199951,2662.300049,2625.5,2636.800049,35
25/09/2024,2659.199951,2664.199951,2649.300049,2656.300049,175
26/09/2024,2669.899902,2669.899902,2660.800049,2662.300049,17216
27/09/2024,2644.300049,2672.100098,2641.699951,2670,4228
30/09/2024,2636.100098,2662.100098,2623.199951,2660.899902,973
01/10/2024,2667.300049,2670.899902,2631.399902,2631.399902,153
02/10/2024,2647.100098,2657.199951,2640,2650.600098,72
03/10/2024,2657.100098,2657.100098,2640,2642.800049,354
04/10/2024,2645.800049,2667,2639,2656,114
07/10/2024,2644.800049,2657.399902,2639,2648.699951,284
08/10/2024,2615,2639,2609.300049,2639,687
09/10/2024,2606,2607.699951,2603,2603,152
10/10/2024,2620.600098,2628.300049,2602.5,2602.5,320
11/10/2024,2657.600098,2658.100098,2638.199951,2638.300049,12
14/10/2024,2647.800049,2655.300049,2647.800049,2655,40
15/10/2024,2661.399902,2661.399902,2661.399902,2661.399902,39
16/10/2024,2674,2674,2674,2674,6
17/10/2024,2691,2691.699951,2677.199951,2677.399902,30
18/10/2024,2713.699951,2719.600098,2713.699951,2713.699951,29
21/10/2024,2723.100098,2738.399902,2719.5,2721.899902,52
22/10/2024,2744.199951,2746,2728.600098,2731.699951,93
23/10/2024,2714.399902,2742.5,2714.199951,2742.5,18
24/10/2024,2734.899902,2736.100098,2729,2729,27
25/10/2024,2740.899902,2742.399902,2725.5,2725.5,29
28/10/2024,2742.899902,2742.899902,2729.5,2736.100098,56
29/10/2024,2768.399902,2768.399902,2768.399902,2768.399902,848
30/10/2024,2788.5,2789,2774.600098,2774.600098,231
31/10/2024,2738.300049,2787.5,2733.5,2787.399902,849
01/11/2024,2738.600098,2756,2734.199951,2745.5,109
04/11/2024,2736.100098,2737.100098,2736.100098,2736.5,16
05/11/2024,2740.300049,2743.899902,2740.300049,2743,23
06/11/2024,2667.600098,2734.5,2659.399902,2734.5,427
07/11/2024,2698.399902,2699.100098,2662.5,2662.5,676
08/11/2024,2687.5,2694.600098,2682.899902,2688.5,1038
11/11/2024,2611.199951,2671.699951,2611.199951,2671.699951,20
12/11/2024,2600,2605.5,2592.800049,2605.5,118
13/11/2024,2580.800049,2611.800049,2580.800049,2611.100098,53
14/11/2024,2568.199951,2576.199951,2554.199951,2555.100098,27
15/11/2024,2565.699951,2565.699951,2565.699951,2565.699951,20
18/11/2024,2610.600098,2610.699951,2589.399902,2591.699951,136
19/11/2024,2627.100098,2627.699951,2619.300049,2621.899902,87
20/11/2024,2648.199951,2648.199951,2638.5,2638.5,27
21/11/2024,2672.100098,2672.100098,2655.699951,2659.300049,33
22/11/2024,2709.899902,2710.5,2685.600098,2687.5,41
25/11/2024,2616.800049,2689.399902,2616.800049,2689.399902,94
26/11/2024,2620.300049,2625.600098,2620.300049,2625.600098,177858
27/11/2024,2639.899902,2657.899902,2627.199951,2633.5,61653
29/11/2024,2657,2664.300049,2620.699951,2636.399902,3861
02/12/2024,2634.899902,2649.800049,2621.699951,2649,695
03/12/2024,2644.699951,2654.699951,2636,2639,1062
04/12/2024,2653.800049,2658.300049,2637,2639.199951,249
05/12/2024,2626.600098,2655,2625.699951,2652.399902,573
06/12/2024,2638.600098,2643.100098,2617.5,2620.199951,571
09/12/2024,2664.899902,2677.100098,2630.800049,2632.100098,935
10/12/2024,2697.600098,2698.199951,2661,2662.300049,437
11/12/2024,2733.800049,2733.800049,2693.100098,2701.800049,3387
12/12/2024,2687.5,2725.100098,2677.399902,2725.100098,2365
13/12/2024,2656,2689.300049,2647.899902,2688.199951,1125
16/12/2024,2651.399902,2663.300049,2651,2658.300049,877
17/12/2024,2644.399902,2652.300049,2632.5,2651.800049,705
18/12/2024,2636.5,2647.100098,2590.199951,2644.300049,566
19/12/2024,2592.199951,2610.300049,2582.100098,2582.100098,238
20/12/2024,2628.699951,2631.600098,2604.899902,2605.300049,592
23/12/2024,2612.300049,2627.699951,2611.100098,2620,451
24/12/2024,2620,2620,2609.5,2613,35
26/12/2024,2638.800049,2638.800049,2627.899902,2628.5,84
27/12/2024,2617.199951,2617.699951,2616.399902,2617.699951,642
30/12/2024,2606.100098,2626.899902,2597,2620.699951,794
31/12/2024,2629.199951,2629.199951,2604.899902,2608.399902,401
02/01/2025,2658.899902,2663.100098,2633,2633,1728
03/01/2025,2645,2658.699951,2641.800049,2658.699951,591
06/01/2025,2638.399902,2647,2617.300049,2645.5,960
07/01/2025,2656.699951,2657.5,2653,2653.399902,643
08/01/2025,2664.5,2676.899902,2653.5,2655.5,999
09/01/2025,2683.800049,2686.300049,2667.899902,2669.699951,1139
10/01/2025,2708.5,2720.100098,2683.699951,2686.100098,403
13/01/2025,2673.5,2711.199951,2673.5,2711.100098,765
14/01/2025,2677.5,2688.300049,2670.800049,2673.600098,794
15/01/2025,2712.5,2712.5,2690.800049,2690.800049,930
16/01/2025,2746.399902,2749.800049,2731.699951,2731.699951,1721
17/01/2025,2744.300049,2751.600098,2725.5,2736,1214
21/01/2025,2755,2755,2724.800049,2746,1439
22/01/2025,2767.600098,2768.800049,2753.5,2754.5,2079
23/01/2025,2763.100098,2765,2745.399902,2760,2201
24/01/2025,2777.300049,2792,2759.800049,2759.800049,1593
27/01/2025,2737.5,2762.199951,2737.5,2761.100098,984
28/01/2025,2766.800049,2766.800049,2738,2738,2307
29/01/2025,2769.100098,2769.100098,2769.100098,2769.100098,125692
30/01/2025,2823,2829.5,2770,2772.5,40141
31/01/2025,2812.5,2838,2804,2829,3443
03/02/2025,2833.899902,2848.399902,2780.899902,2818.199951,2649
04/02/2025,2853.300049,2853.300049,2816.100098,2827.600098,2187
05/02/2025,2871.600098,2880.5,2848,2850,4519
06/02/2025,2856,2871.699951,2836.300049,2865.199951,3116
07/02/2025,2867.300049,2889.5,2857.800049,2859.899902,1822
10/02/2025,2914.300049,2916.100098,2863.800049,2864.199951,2237
11/02/2025,2912.5,2945.399902,2890,2925.5,2554
12/02/2025,2909,2912.300049,2868.600098,2902,2504
13/02/2025,2925.899902,2937.699951,2910.600098,2911.300049,4670
14/02/2025,2883.600098,2944.399902,2874.800049,2937.300049,1992
18/02/2025,2931.600098,2936.399902,2873.800049,2879.199951,4010
19/02/2025,2919.399902,2946,2917.100098,2938.699951,2630
20/02/2025,2940,2955.800049,2924.199951,2949.100098,656
21/02/2025,2937.600098,2940,2917.300049,2938.800049,570
24/02/2025,2947.899902,2957.899902,2933.100098,2933.100098,415
25/02/2025,2904.5,2943.199951,2890,2938.699951,1854
26/02/2025,2916.800049,2917,2913,2913.5,2050
27/02/2025,2883.199951,2922.800049,2870.399902,2918.5,3215
28/02/2025,2836.800049,2877.100098,2834.100098,2877.100098,990
03/03/2025,2890.199951,2891.800049,2863.399902,2872.699951,423
04/03/2025,2909.600098,2927.899902,2886.100098,2886.100098,885
05/03/2025,2915.300049,2922,2893,2916.699951,551
06/03/2025,2916.600098,2918.600098,2903.800049,2904,870
07/03/2025,2904.699951,2927.300049,2900.5,2900.899902,531
10/03/2025,2891,2915.100098,2880.199951,2910.100098,55
11/03/2025,2912.899902,2916.699951,2880.399902,2884.399902,197
12/03/2025,2939.100098,2939.100098,2910,2912,213
13/03/2025,2984.300049,2988,2935.199951,2937.100098,2366
14/03/2025,2994.5,3004.800049,2986,2994.399902,1800
17/03/2025,3000,3001.5,2989,2991,214
18/03/2025,3035.100098,3039.199951,3004.399902,3006.399902,428
19/03/2025,3035.899902,3050.899902,3030.899902,3035.199951,175
20/03/2025,3040,3047.300049,3034.399902,3047.300049,185
21/03/2025,3018.199951,3037.5,3000.899902,3034.5,151
24/03/2025,3013.100098,3024.300049,3006,3024.300049,137
25/03/2025,3023.699951,3028.800049,3023.699951,3026.399902,74
26/03/2025,3020.899902,3033.199951,3019.5,3033.199951,83
27/03/2025,3060.199951,3065,3025.5,3025.5,124359
28/03/2025,3086.5,3094.899902,3066.800049,3069.699951,31206
31/03/2025,3122.800049,3132.5,3086,3091,3438
01/04/2025,3118.899902,3149.5,3104,3129.699951,1721
02/04/2025,3139.899902,3168.600098,3117.399902,3120.699951,5946
03/04/2025,3097,3166.899902,3052,3150,5516
04/04/2025,3012,3127.699951,3011,3110.5,3247
07/04/2025,2951.300049,3050.800049,2949.699951,3016.399902,4424
08/04/2025,2968.399902,3014.5,2968.399902,2994,3213
09/04/2025,3056.5,3090.399902,2965.800049,2965.800049,2175
10/04/2025,3155.199951,3167,3072.100098,3073.899902,3456
11/04/2025,3222.199951,3235,3182.100098,3182.100098,862
14/04/2025,3204.800049,3228.800049,3194.5,3215.5,263
15/04/2025,3218.699951,3218.699951,3214,3216,390
16/04/2025,3326.600098,3334.899902,3238.300049,3238.300049,1874
17/04/2025,3308.699951,3345,3287.800049,3345,824
21/04/2025,3406.199951,3418.5,3342.199951,3342.199951,78
22/04/2025,3400.800049,3485.600098,3361.699951,3422.199951,785
23/04/2025,3276.300049,3370.300049,3256.199951,3321.199951,331
24/04/2025,3332,3353.899902,3304.899902,3305.399902,560
25/04/2025,3282.399902,3355.5,3266.100098,3355.5,162
28/04/2025,3332.5,3332.5,3284.5,3284.5,1300
29/04/2025,3318.800049,3340,3299.899902,3340,1278
30/04/2025,3305,3318.699951,3268,3318.699951,207
01/05/2025,3210,3275,3198.600098,3272.899902,2131
02/05/2025,3231.899902,3257,3225,3239.899902,1349
05/05/2025,3311.300049,3315.699951,3239.699951,3242.699951,244
06/05/2025,3411.399902,3430.899902,3356.800049,3365.5,2357
07/05/2025,3381.399902,3418.699951,3364.699951,3418.699951,1080
08/05/2025,3296.600098,3390,3288.699951,3390,200
09/05/2025,3335.399902,3335.5,3299,3299,216
12/05/2025,3220,3300.699951,3205,3300.699951,886
13/05/2025,3240.300049,3251.399902,3223.5,3232,2424
14/05/2025,3181.399902,3233,3171.699951,3233,3518
15/05/2025,3220.699951,3228.100098,3125,3151,652
16/05/2025,3182,3228.100098,3173.899902,3227.699951,199
19/05/2025,3228.899902,3241,3228.300049,3234.399902,266
20/05/2025,3280.300049,3293.199951,3207.5,3219,356
21/05/2025,3309.300049,3317.5,3290.199951,3293.399902,979
22/05/2025,3292.300049,3328,3282.699951,3327.300049,1210
23/05/2025,3363.600098,3363.600098,3323.5,3328,47
27/05/2025,3299.100098,3341,3296.300049,3332.5,189
28/05/2025,3293.600098,3293.600098,3293.600098,3293.600098,127758
29/05/2025,3317.100098,3328.800049,3242.399902,3283.699951,24370
30/05/2025,3288.899902,3318,3270.899902,3315.100098,2213
02/06/2025,3370.600098,3380.800049,3296.899902,3296.899902,976
03/06/2025,3350.199951,3390,3331.300049,3385.100098,6410
04/06/2025,3373.5,3380,3344,3355,207
05/06/2025,3350.699951,3400,3343.699951,3371.5,731
06/06/2025,3322.699951,3364.300049,3306,3364.300049,81
09/06/2025,3332.100098,3334.600098,3290,3315.600098,1887
10/06/2025,3320.899902,3344.300049,3302,3302,65
11/06/2025,3321.300049,3356,3321.300049,3328,2106
12/06/2025,3380.899902,3395.899902,3353.399902,3363,1818
13/06/2025,3431.199951,3444,3407.300049,3407.300049,499
16/06/2025,3396.399902,3442,3385.399902,3442,480
17/06/2025,3386.600098,3398.300049,3376.100098,3398.300049,1477
18/06/2025,3389.800049,3391.899902,3365.100098,3385.300049,0
20/06/2025,3368.100098,3372.899902,3341,3350,709
23/06/2025,3377.699951,3387.899902,3350,3365.899902,30
24/06/2025,3317.399902,3358,3301,3358,538
25/06/2025,3327.100098,3331.199951,3310.600098,3321.600098,373
26/06/2025,3333.5,3333.5,3332.399902,3332.399902,2058
27/06/2025,3273.699951,3318.699951,3253.800049,3318.699951,284
30/06/2025,3294.399902,3306.899902,3262,3265.899902,1242
01/07/2025,3336.699951,3354.100098,3310.100098,3310.100098,371
02/07/2025,3348,3357.5,3329,3329,39
03/07/2025,3331.600098,3362,3322.300049,3362,0
04/07/2025,3332.5,3342,3332.5,3342,0
07/07/2025,3332.199951,3333.300049,3299.199951,3305.5,254
08/07/2025,3307,3334.5,3287.600098,3330.399902,909
09/07/2025,3311.600098,3314,3282,3289.399902,114
10/07/2025,3317.399902,3330.5,3311.600098,3323.600098,209
11/07/2025,3356,3370,3330.5,3330.5,776
14/07/2025,3351.5,3375.5,3350,3367,583
15/07/2025,3329.800049,3341,3329.800049,3341,210
16/07/2025,3352.5,3352.899902,3329.5,3341.199951,10
17/07/2025,3340.100098,3340.800049,3313.800049,3313.800049,667
18/07/2025,3353,3353,3338.199951,3338.199951,602
21/07/2025,3401.899902,3411.699951,3350.300049,3350.300049,53
22/07/2025,3439.199951,3441,3395.600098,3411,39
23/07/2025,3394.100098,3433.899902,3388.100098,3430.300049,63
24/07/2025,3371,3371,3367,3367,1175
25/07/2025,3334,3345,3326.5,3344,67
28/07/2025,3309.100098,3326.800049,3309.100098,3326.600098,533
29/07/2025,3323.399902,3323.399902,3323.399902,3323.399902,113144
30/07/2025,3295.800049,3331.800049,3263.899902,3325.800049,19252
31/07/2025,3293.199951,3312,3272.899902,3272.899902,3704
01/08/2025,3347.699951,3360.600098,3281,3286.199951,3420
04/08/2025,3374.399902,3386.5,3347.399902,3367.600098,351
05/08/2025,3381.899902,3387.199951,3351.199951,3378.5,915
06/08/2025,3380,3383.300049,3361.300049,3380.699951,1492
07/08/2025,3400.300049,3422.899902,3384.899902,3384.899902,5464
08/08/2025,3439.100098,3477,3402.5,3438.800049,7657
11/08/2025,3353.100098,3383.899902,3349.199951,3383.899902,1488
12/08/2025,3348.899902,3356.199951,3330.100098,3356.199951,1611
13/08/2025,3358.699951,3363.399902,3358.699951,3358.800049,1011
14/08/2025,3335.199951,3356,3328.899902,3346.800049,592
15/08/2025,3336,3346.800049,3335.899902,3346.800049,1185
18/08/2025,3331.699951,3347.800049,3331.699951,3333.5,646
19/08/2025,3313.399902,3343.5,3313.399902,3330.199951,1655
20/08/2025,3343.399902,3343.5,3310.100098,3310.600098,1213
21/08/2025,3336.899902,3349.399902,3326.5,3349.399902,142
22/08/2025,3374.399902,3377.699951,3349.399902,3349.399902,1240
25/08/2025,3373.800049,3378,3366,3366,1044
26/08/2025,3388.600098,3396.5,3371.100098,3378.899902,905
27/08/2025,3404.600098,3404.600098,3382,3397,3222
28/08/2025,3431.800049,3434.600098,3400,3409,1035
29/08/2025,3473.699951,3475.600098,3426.600098,3432.5,0
02/09/2025,3549.399902,3559.199951,3485.699951,3485.699951,658
03/09/2025,3593.199951,3593.699951,3553.199951,3554.800049,72
04/09/2025,3565.800049,3573.600098,3549.899902,3549.899902,237
05/09/2025,3613.199951,3613.199951,3567.800049,3567.800049,925
08/09/2025,3638.100098,3641,3590,3594.5,97
09/09/2025,3643.300049,3670.399902,3627.800049,3647.100098,535
10/09/2025,3643.600098,3655.399902,3620.800049,3625,136
11/09/2025,3636.899902,3636.899902,3618.399902,3632.899902,307
12/09/2025,3649.399902,3656.800049,3643,3655.5,1300
15/09/2025,3682.199951,3686.399902,3635.100098,3640,210
16/09/2025,3688.899902,3698.600098,3681.399902,3681.399902,373
17/09/2025,3681.800049,3685.199951,3661.600098,3669,183
18/09/2025,3643.699951,3667.399902,3637,3654.600098,80
19/09/2025,3671.5,3685.899902,3658.199951,3659,211
22/09/2025,3740.699951,3748.199951,3688,3688.199951,410
23/09/2025,3780.600098,3786,3740,3747,627
24/09/2025,3732.100098,3772.5,3732.100098,3769.800049,588
25/09/2025,3767.5,3783.5,3767.199951,3781.5,19797
